City,Lat,Lng,Max Temp,Humidity,Cloudiness,Wind Speed,Country,Date
nome,64.5,-165.41,34.0,86,90,4.7,US,1603842620
libreville,0.39,9.45,77.0,100,75,4.7,GA,1603842702
cromarty,57.68,-4.03,44.01,100,100,3.36,GB,1603842703
punta arenas,-53.15,-70.92,46.4,61,0,16.11,CL,1603842703
kota kinabalu,5.97,116.07,77.0,78,20,5.82,MY,1603842703
kodiak,57.79,-152.41,46.4,68,40,6.93,US,1603842703
hermanus,-34.42,19.23,61.0,93,100,1.99,ZA,1603842702
mahendranagar,28.92,80.33,63.97,46,0,6.11,NP,1603842703
aizawl,23.73,92.72,61.27,100,3,1.68,IN,1603842704
busselton,-33.65,115.33,60.01,95,14,8.25,AU,1603842704
ushuaia,-54.8,-68.3,46.4,39,40,8.05,AR,1603842566
east london,-33.02,27.91,68.85,77,59,19.48,ZA,1603842704
saskylakh,71.92,114.08,5.2,92,98,10.51,RU,1603842704
kinshasa,-4.32,15.32,75.81,85,93,3.94,CD,1603842445
ketchikan,55.34,-131.65,48.2,100,75,4.7,US,1603842705
albany,42.6,-73.97,48.0,74,100,5.12,US,1603842609
ancud,-41.87,-73.82,48.0,93,90,14.99,CL,1603842705
port alfred,-33.59,26.89,63.82,86,36,14.79,ZA,1603842705
chokurdakh,70.63,147.92,12.33,97,100,2.82,RU,1603842705
provideniya,64.38,-173.3,32.0,95,90,11.18,RU,1603842706
dauriya,49.93,116.87,22.93,83,0,6.89,RU,1603842706
hilo,19.73,-155.09,80.6,78,90,8.14,US,1603842433
sinnamary,5.38,-52.95,80.38,80,20,10.45,GF,1603842706
tuktoyaktuk,69.45,-133.04,14.0,85,90,13.87,CA,1603842706
bluff,-46.6,168.33,57.99,64,10,4.0,NZ,1603842706
pavilosta,56.89,21.19,51.8,81,83,8.05,LV,1603842706
sao joao da barra,-21.64,-41.05,74.52,89,71,15.28,BR,1603842707
nuuk,64.18,-51.72,24.01,79,0,5.99,GL,1603842408
cape town,-33.93,18.42,64.0,82,75,6.93,ZA,1603842566
lavrentiya,65.58,-171.0,30.78,91,96,9.26,RU,1603842707
campina verde,-19.54,-49.49,75.79,71,59,2.53,BR,1603842707
bludenz,47.15,9.82,42.01,83,77,1.01,AT,1603842707
mataura,-46.19,168.86,57.99,64,4,4.0,NZ,1603842707
ossora,59.24,163.07,34.86,83,80,6.8,RU,1603842708
esperance,-33.87,121.9,62.6,100,64,10.29,AU,1603842708
novaya mayna,54.15,49.75,24.8,92,100,4.47,RU,1603842708
honiara,-9.43,159.95,86.0,74,20,4.7,SB,1603842708
mar del plata,-38.0,-57.56,59.0,71,0,8.5,AR,1603842709
gazli,40.13,63.45,36.14,76,8,8.79,UZ,1603842709
bonavista,48.65,-53.11,37.99,83,100,3.0,CA,1603842566
ola,59.58,151.28,32.72,79,0,6.11,RU,1603842709
batemans bay,-35.72,150.18,64.0,84,31,3.0,AU,1603842612
souillac,-20.52,57.52,70.0,80,4,1.99,MU,1603842709
barrow,71.29,-156.79,30.2,63,75,19.46,US,1603842709
upernavik,72.79,-56.15,16.84,79,0,5.88,GL,1603842710
alekseyevsk,57.84,108.35,25.23,97,100,3.09,RU,1603842710
lebu,-37.62,-73.65,50.72,82,98,12.3,CL,1603842529
rikitea,-23.12,-134.97,75.56,83,100,16.75,PF,1603842710
ballina,-28.87,153.57,71.6,83,90,6.93,AU,1603842710
mahebourg,-20.41,57.7,70.0,80,3,1.99,MU,1603842711
butaritari,3.07,172.79,80.98,66,98,4.43,KI,1603842711
lagunas,-5.23,-75.68,82.11,71,32,2.71,PE,1603842711
beloha,-25.17,45.05,69.96,85,18,13.73,MG,1603842711
port elizabeth,-33.92,25.57,62.6,88,0,20.8,ZA,1603842711
avarua,-21.21,-159.78,73.4,78,100,6.93,CK,1603842711
airai,-8.93,125.41,70.29,75,27,2.55,TL,1603842711
faanui,-16.48,-151.75,79.75,82,71,17.76,PF,1603842712
codrington,-38.27,141.97,59.83,76,63,5.68,AU,1603842712
cherskiy,68.75,161.3,13.98,92,100,8.88,RU,1603842712
broken hill,-31.95,141.43,60.8,63,0,10.29,AU,1603842712
lenexa,38.95,-94.73,33.01,93,90,6.93,US,1603842487
new norfolk,-42.78,147.06,57.99,66,79,1.01,AU,1603842712
cabo san lucas,22.89,-109.91,80.6,57,40,9.17,MX,1603842498
saint-philippe,-21.36,55.77,71.6,64,0,3.36,RE,1603842505
bara,10.37,10.73,75.72,32,0,4.79,NG,1603842713
kapaa,22.08,-159.32,84.0,69,75,5.82,US,1603842580
pacific grove,36.62,-121.92,73.4,13,1,5.82,US,1603842713
taitung,22.76,121.14,75.2,73,75,5.82,TW,1603842713
lagos,6.58,3.75,76.84,92,78,3.42,NG,1603842496
bengkulu,-3.8,102.27,77.59,79,100,3.02,ID,1603842667
eagle pass,28.71,-100.5,41.0,88,91,7.0,US,1603842674
sistranda,63.73,8.83,41.0,93,0,8.05,NO,1603842714
atuona,-9.8,-139.03,78.84,73,1,19.42,PF,1603842714
darnah,32.77,22.64,73.2,55,5,22.62,LY,1603842714
arraial do cabo,-22.97,-42.03,73.4,94,0,12.75,BR,1603842714
road town,18.42,-64.62,80.6,83,75,6.93,VG,1603842715
chuy,-33.7,-53.46,61.39,94,100,14.14,UY,1603842527
dunedin,-45.87,170.5,54.0,68,6,20.0,NZ,1603842715
buala,-8.14,159.59,85.86,69,9,5.35,SB,1603842715
vaini,-21.2,-175.2,73.24,76,4,27.07,TO,1603842715
haines junction,60.75,-137.51,30.79,93,48,2.62,CA,1603842715
gushikawa,26.35,127.87,78.8,61,20,10.29,JP,1603842716
yellowknife,62.46,-114.35,17.6,67,75,5.82,CA,1603842487
kiunga,-6.12,141.29,76.91,90,100,1.19,PG,1603842716
troitskaya,43.31,44.98,51.8,93,83,4.47,RU,1603842716
narsaq,60.92,-46.05,30.15,97,100,3.78,GL,1603842716
pevek,69.7,170.31,20.44,97,100,13.73,RU,1603842717
osmena,10.52,119.93,83.59,77,45,12.17,PH,1603842717
stokmarknes,68.56,14.91,32.0,74,0,5.82,NO,1603842548
severo-kurilsk,50.68,156.12,45.19,78,9,5.82,RU,1603842717
juba,4.85,31.58,74.14,82,100,1.45,SS,1603842717
castro,-24.79,-50.01,60.71,63,0,3.83,BR,1603842717
nong chik,6.84,101.18,78.1,87,100,6.85,TH,1603842717
beringovskiy,63.05,179.32,27.66,93,83,12.12,RU,1603842718
komsomolskiy,40.43,71.72,51.8,41,98,4.74,UZ,1603842718
topolovgrad,42.08,26.33,51.8,93,20,4.7,BG,1603842718
samus,56.75,84.7,42.01,86,100,12.88,RU,1603842718
chapais,49.78,-74.85,23.0,73,75,6.93,CA,1603842596
kearney,40.7,-99.08,33.8,55,1,11.41,US,1603842719
la asuncion,11.03,-63.86,71.6,100,34,16.11,VE,1603842719
copiapo,-27.37,-70.33,57.2,71,75,13.87,CL,1603842468
lac du bonnet,50.25,-96.06,32.0,98,100,4.0,CA,1603842719
qaanaaq,77.48,-69.36,10.85,79,94,13.49,GL,1603842720
sao filipe,14.9,-24.5,81.27,71,100,4.38,CV,1603842720
marystown,47.17,-55.15,47.23,85,97,18.3,CA,1603842720
verkhnevilyuysk,63.45,120.32,5.9,92,100,2.28,RU,1603842618
vila franca do campo,37.72,-25.43,64.4,59,75,5.82,PT,1603842720
bethel,41.37,-73.41,51.8,57,90,3.36,US,1603842720
farsund,58.09,6.8,51.01,85,69,18.63,NO,1603842721
bilibino,68.05,166.44,2.82,90,87,1.88,RU,1603842721
sosnovoborsk,56.13,93.36,37.4,78,0,8.95,RU,1603842721
belyy yar,53.6,91.39,26.6,100,89,2.24,RU,1603842721
lima,-12.04,-77.03,64.4,77,40,13.87,PE,1603842721
tolbazy,54.02,55.88,26.6,92,0,4.47,RU,1603842722
seoul,37.57,126.98,50.0,100,100,2.24,KR,1603842522
georgetown,5.41,100.34,77.0,94,40,1.12,MY,1603842533
bubaque,11.28,-15.83,82.33,81,44,11.05,GW,1603842722
atherton,53.52,-2.49,45.0,87,19,1.01,GB,1603842722
las palmas,28.42,-14.01,69.8,73,90,12.75,ES,1603842722
luderitz,-26.65,15.16,57.25,78,13,9.98,NA,1603842722
tateyama,34.98,139.87,64.99,72,40,9.17,JP,1603842723
port hardy,50.7,-127.42,48.2,93,90,5.82,CA,1603842723
kavieng,-2.57,150.8,84.85,65,95,2.13,PG,1603842549
hami,42.8,93.45,42.8,52,0,8.34,CN,1603842535
port blair,11.67,92.75,79.48,79,69,3.06,IN,1603842723
camopi,3.17,-52.32,79.79,70,52,5.64,GF,1603842724
katsuura,35.13,140.3,66.0,72,75,5.82,JP,1603842724
maceio,-9.67,-35.74,77.0,83,40,6.93,BR,1603842648
bredasdorp,-34.53,20.04,62.6,82,100,4.7,ZA,1603842526
lorengau,-2.02,147.27,85.87,63,94,1.66,PG,1603842724
goundi,9.36,17.37,76.06,51,19,0.83,TD,1603842724
aklavik,68.22,-135.01,12.2,85,90,5.26,CA,1603842482
ponta do sol,32.67,-17.1,66.2,68,40,4.7,PT,1603842725
cidreira,-30.18,-50.21,62.78,86,98,12.24,BR,1603842725
diu,20.71,70.98,77.65,46,0,5.41,IN,1603842725
abu samrah,35.3,37.18,71.6,21,58,3.58,SY,1603842725
kavaratti,10.57,72.64,81.09,76,88,7.25,IN,1603842725
pangody,65.85,74.49,-0.67,89,0,7.38,RU,1603842725
matadi,-5.82,13.45,77.11,81,63,5.23,CD,1603842726
najran,17.49,44.13,60.8,25,0,4.7,SA,1603842726
waipawa,-41.41,175.52,60.01,72,100,12.75,NZ,1603842726
mount gambier,-37.83,140.77,59.0,67,13,8.05,AU,1603842726
tasiilaq,65.61,-37.64,25.68,91,100,9.44,GL,1603842507
coihaique,-45.58,-72.07,41.0,93,90,8.05,CL,1603842726
nyaunglebin,17.95,96.73,73.22,93,86,2.46,MM,1603842726
pangnirtung,66.15,-65.71,8.92,76,0,4.09,CA,1603842727
ikauna,27.55,81.97,64.13,50,0,3.42,IN,1603842727
iskateley,67.68,53.15,33.98,97,100,9.93,RU,1603842727
puerto ayora,-0.74,-90.35,68.0,94,98,4.0,EC,1603842727
stepnogorsk,52.35,71.89,26.47,95,100,21.56,KZ,1603842727
tura,25.52,90.22,67.62,88,0,4.14,IN,1603842727
kisangani,0.52,25.2,72.57,96,100,1.97,CD,1603842727
kutum,14.2,24.67,72.41,26,0,9.98,SD,1603842728
makueni,-1.8,37.62,64.33,89,70,5.48,KE,1603842728
hamilton,39.18,-84.53,52.0,87,90,3.98,US,1603842522
krasnoselkup,65.7,82.47,-1.68,88,0,15.1,RU,1603842543
pijijiapan,15.7,-93.23,78.13,83,61,2.17,MX,1603842728
raga,8.46,25.68,72.01,87,94,6.71,SS,1603842728
vad,55.53,44.21,34.45,87,98,8.75,RU,1603842728
chicama,-7.84,-79.15,65.35,78,72,5.28,PE,1603842729
hithadhoo,-0.6,73.08,83.62,66,93,10.76,MV,1603842729
motygino,58.18,94.76,33.8,93,100,4.94,RU,1603842729
carnarvon,-24.87,113.63,69.8,73,0,24.16,AU,1603842729
dauphin,51.15,-100.05,37.4,87,90,6.93,CA,1603842729
touros,-5.2,-35.46,78.8,83,40,9.17,BR,1603842730
comodoro rivadavia,-45.87,-67.5,55.4,37,0,20.8,AR,1603842730
indianola,41.36,-93.56,37.4,44,20,8.05,US,1603842730
moose factory,51.26,-80.61,35.6,59,90,12.75,CA,1603842730
nanortalik,60.14,-45.24,30.42,90,100,4.25,GL,1603842730
kumi,36.11,128.34,57.2,67,100,2.24,KR,1603842730
nikolskoye,59.7,30.79,51.8,87,90,8.95,RU,1603842510
gejiu,23.31,103.16,53.78,100,90,2.62,CN,1603842731
san cristobal,7.77,-72.22,68.29,91,95,0.49,VE,1603842731
chabahar,25.29,60.64,73.74,53,0,7.18,IR,1603842731
punta alta,-38.88,-62.07,56.98,72,84,10.94,AR,1603842731
saint-augustin,51.23,-58.65,31.71,89,87,4.14,CA,1603842731
agarak,39.21,46.54,48.7,76,39,1.14,AM,1603842732
hobart,-42.88,147.33,57.99,76,75,4.7,AU,1603842467
spornoye,50.84,37.29,39.2,80,0,8.95,RU,1603842732
coquimbo,-29.95,-71.34,55.4,82,0,11.41,CL,1603842528
matara,5.95,80.54,76.21,90,46,4.83,LK,1603842732
chifeng,42.27,118.96,38.57,57,0,5.55,CN,1603842732
victoria,22.29,114.16,77.0,74,57,3.0,HK,1603842528
indi,17.17,75.97,71.37,78,1,3.53,IN,1603842733
anadyr,64.75,177.48,17.6,85,40,4.47,RU,1603842733
hasaki,35.73,140.83,61.0,87,75,4.7,JP,1603842733
abha,18.22,42.51,55.4,26,0,7.58,SA,1603842733
longyearbyen,78.22,15.64,32.0,95,75,4.7,SJ,1603842733
sumenep,-7.02,113.87,83.77,69,92,7.09,ID,1603842733
labuhan,-6.88,112.21,80.65,80,100,8.55,ID,1603842734
malinovskiy,61.2,62.84,23.34,96,94,5.41,RU,1603842734
zhigansk,66.77,123.37,-7.85,91,77,2.89,RU,1603842734
kamskoye ustye,55.2,49.27,30.2,80,0,4.47,RU,1603842734
mareeba,-17.0,145.43,84.2,58,20,9.17,AU,1603842734
jamestown,42.1,-79.24,41.0,100,90,3.49,US,1603842439
kaitangata,-46.28,169.85,54.97,56,2,6.67,NZ,1603842734
boguchany,58.38,97.45,30.83,97,100,8.46,RU,1603842735
mumford,5.26,-0.76,78.64,87,77,8.59,GH,1603842735
anshun,26.25,105.93,54.01,92,100,11.45,CN,1603842735
ndele,8.41,20.65,72.63,70,22,3.51,CF,1603842735
ilulissat,69.22,-51.1,7.11,89,71,3.0,GL,1603842735
darab,28.75,54.54,57.96,31,0,6.76,IR,1603842735
camana,-16.62,-72.71,62.83,76,60,6.69,PE,1603842736
kapustin yar,48.58,45.74,38.64,66,99,11.59,RU,1603842736
saratoga springs,43.08,-73.78,46.99,85,100,1.99,US,1603842736
floriano,-6.77,-43.02,80.47,74,100,3.85,BR,1603842736
okhotsk,59.38,143.3,29.62,82,1,7.83,RU,1603842736
sitka,57.05,-135.33,46.4,81,90,6.93,US,1603842736
puerto escondido,15.85,-97.07,78.8,69,90,3.36,MX,1603842737
padang,-0.95,100.35,78.93,70,90,3.0,ID,1603842649
nouadhibou,20.93,-17.03,75.2,60,100,18.34,MR,1603842737
mitu,1.2,-70.17,75.11,93,57,2.35,CO,1603842501
ngorongoro,-3.24,35.49,51.8,93,91,5.57,TZ,1603842737
moreira sales,-24.06,-53.01,67.1,59,0,3.42,BR,1603842737
eureka,40.8,-124.16,69.01,42,1,10.29,US,1603842737
saldanha,-33.01,17.94,59.0,87,100,2.24,ZA,1603842738
roanoke rapids,36.46,-77.65,63.0,93,90,2.84,US,1603842738
elizabeth city,36.29,-76.25,66.2,93,90,3.36,US,1603842738
tazovskiy,67.47,78.7,-3.73,89,0,7.9,RU,1603842738
morant bay,17.88,-76.41,84.2,83,20,5.82,JM,1603842738
ambilobe,-13.2,49.05,70.88,88,1,3.09,MG,1603842739
roald,62.58,6.13,46.4,75,88,8.05,NO,1603842739
wanning,18.8,110.4,77.95,91,100,23.85,CN,1603842739
saint george,37.1,-113.58,60.8,9,1,6.93,US,1603842739
selikhino,50.37,137.5,38.26,75,69,3.56,RU,1603842739
naze,28.37,129.48,77.0,69,75,10.29,JP,1603842740
huilong,31.81,121.66,66.0,84,99,6.71,CN,1603842740
puerto carreno,6.19,-67.49,80.58,79,97,8.57,CO,1603842740
wasilla,61.58,-149.44,36.0,86,90,3.36,US,1603842740
buzmeyin,38.05,58.21,48.2,61,1,4.7,TM,1603842741
hemsedal,60.86,8.55,35.01,90,97,2.21,NO,1603842741
coahuayana,18.73,-103.68,80.6,78,75,11.41,MX,1603842741
mandan,46.83,-100.89,46.4,86,1,14.99,US,1603842581
pasni,25.26,63.47,73.27,50,0,6.73,PK,1603842741
ribeira grande,38.52,-28.7,63.09,61,99,4.34,PT,1603842741
omsukchan,62.53,155.8,14.72,82,0,3.44,RU,1603842742
rurrenabaque,-14.44,-67.53,77.79,65,72,1.92,BO,1603842742
necochea,-38.55,-58.74,57.99,79,56,5.99,AR,1603842742
baghdad,33.34,44.4,60.8,41,0,6.93,IQ,1603842742
trairi,-3.28,-39.27,78.73,79,87,9.69,BR,1603842742
san patricio,28.02,-97.52,55.4,82,90,13.87,US,1603842520
egvekinot,66.32,-179.17,19.29,92,99,3.15,RU,1603842743
dikson,73.51,80.55,7.2,95,100,16.51,RU,1603842743
takoradi,4.88,-1.76,78.04,87,100,7.0,GH,1603842743
san juan del sur,11.25,-85.87,84.2,74,40,3.22,NI,1603842743
tilichiki,60.47,166.1,25.47,90,59,10.04,RU,1603842743
basco,20.45,121.97,81.25,84,100,24.85,PH,1603842615
bandarbeyla,9.49,50.81,74.79,80,9,3.36,SO,1603842744
eirunepe,-6.66,-69.87,80.98,70,56,1.95,BR,1603842744
whitehorse,60.72,-135.05,32.0,87,75,2.24,CA,1603842684
promyshlennaya,54.92,85.64,44.6,65,40,15.66,RU,1603842744
awjilah,29.11,21.29,70.99,39,5,11.12,LY,1603842744
kruisfontein,-34.0,24.73,59.0,95,29,8.57,ZA,1603842744
nabire,-3.37,135.48,80.89,77,95,2.44,ID,1603842744
meulaboh,4.14,96.13,75.6,87,59,4.25,ID,1603842745
kirakira,-10.45,161.92,85.19,73,37,8.7,SB,1603842745
mount isa,-20.73,139.5,80.6,11,0,13.87,AU,1603842745
isiro,2.77,27.62,68.27,96,100,0.89,CD,1603842745
fort saint james,54.43,-124.25,41.34,87,100,4.59,CA,1603842745
chara,56.91,118.26,-0.24,83,7,0.54,RU,1603842746
guerrero negro,27.98,-114.06,70.48,23,0,22.88,MX,1603842746
paranaiba,-19.68,-51.19,76.89,67,91,4.43,BR,1603842746
boali,4.8,18.13,70.32,93,39,1.48,CF,1603842746
thompson,55.74,-97.86,24.8,62,75,8.05,CA,1603842466
faya,18.39,42.45,55.4,26,0,5.12,SA,1603842746
begowal,31.62,75.52,57.2,87,0,2.28,IN,1603842746
kedrovyy,56.17,91.82,37.4,84,0,8.95,RU,1603842747
obala,4.17,11.53,68.95,95,74,2.48,CM,1603842747
malanje,-9.54,16.34,65.8,99,100,5.14,AO,1603842747
ostrovnoy,68.05,39.51,43.41,91,100,21.85,RU,1603842747
taoudenni,22.68,-3.98,82.4,16,6,7.45,ML,1603842747
havoysund,71.0,24.66,32.0,76,0,11.41,NO,1603842747
moncada,39.55,-0.4,62.01,58,0,2.24,ES,1603842748
panama city,8.99,-79.52,84.2,79,40,4.7,PA,1603842526
diapaga,12.07,1.79,77.34,20,24,4.29,BF,1603842748
sobolevo,54.43,31.9,43.48,85,11,9.64,RU,1603842748
zhezkazgan,47.8,67.71,29.21,93,73,10.36,KZ,1603842748
kaili,-3.46,120.21,77.11,67,97,2.04,ID,1603842748
lebork,54.54,17.75,48.0,87,0,10.29,PL,1603842594
dzilam gonzalez,21.28,-88.93,76.5,94,100,8.66,MX,1603842749
alton,38.89,-90.18,39.99,100,90,5.82,US,1603842749
fort nelson,58.81,-122.7,33.8,74,75,2.24,CA,1603842749
nouakchott,18.09,-15.98,80.6,13,5,4.7,MR,1603842749
moron,-34.65,-58.62,64.99,67,0,5.99,AR,1603842512
daru,-9.08,143.21,78.49,87,100,6.82,PG,1603842750
norman wells,65.28,-126.83,19.4,79,40,4.7,CA,1603842750
morehead,37.27,-87.18,53.6,93,90,5.82,US,1603842750
talaya,61.38,152.75,17.6,86,0,2.55,RU,1603842750
tiksi,71.69,128.87,-2.78,90,27,12.59,RU,1603842750
mbanza-ngungu,-5.25,14.87,70.88,96,78,5.99,CD,1603842750
khandbari,27.37,87.2,61.5,49,0,3.42,NP,1603842751
laguna,38.42,-121.42,75.0,18,1,3.36,US,1603842477
monduli,-3.3,36.45,60.84,85,39,4.03,TZ,1603842751
ourossogui,15.61,-13.32,85.35,13,1,6.71,SN,1603842751
galbshtadt,53.23,78.98,33.75,95,100,17.69,RU,1603842751
new bern,35.11,-77.04,70.0,83,90,6.93,US,1603842568
svetlogorsk,52.63,29.73,45.57,85,6,7.14,BY,1603842751
abu dhabi,24.47,54.37,77.0,65,0,4.7,AE,1603842648
gulu,2.77,32.3,64.63,92,95,0.63,UG,1603842752
fortuna,40.6,-124.16,64.99,48,1,10.29,US,1603842506
sola,-13.88,167.55,80.15,77,35,17.85,VU,1603842752
rio gallegos,-51.62,-69.22,51.8,29,75,10.29,AR,1603842752
canico,32.63,-16.85,66.2,68,40,4.7,PT,1603842753
nagua,19.38,-69.85,78.8,94,20,4.7,DO,1603842753
warwick,41.7,-71.42,53.6,62,90,9.17,US,1603842753
harper,4.38,-7.72,77.9,88,38,9.17,LR,1603842543
saint anthony,45.02,-93.22,32.0,65,67,4.0,US,1603842753
cap malheureux,-19.98,57.61,70.0,80,0,1.99,MU,1603842753
lubango,-14.92,13.49,61.61,78,9,3.47,AO,1603842754
mudigere,13.13,75.63,62.82,87,0,3.74,IN,1603842754
baherden,38.44,57.43,50.22,46,0,3.58,TM,1603842754
banepa,27.63,85.52,55.4,100,20,2.24,NP,1603842754
itarema,-2.92,-39.92,78.35,81,74,12.86,BR,1603842754
itainopolis,-7.45,-41.48,78.85,74,100,4.83,BR,1603842754
yar-sale,66.83,70.83,1.94,92,41,5.48,RU,1603842754
waris aliganj,25.02,85.63,65.39,58,0,5.28,IN,1603842755
inhambane,-23.86,35.38,72.1,90,57,7.81,MZ,1603842755
los llanos de aridane,28.66,-17.92,69.8,68,90,10.29,ES,1603842755
labrea,-7.26,-64.8,74.01,98,91,1.45,BR,1603842756
assiniboia,49.63,-105.98,38.8,82,51,15.28,CA,1603842756
tsabong,-26.02,22.4,80.8,21,26,9.01,BW,1603842756
hay river,60.82,-115.8,23.0,85,75,6.93,CA,1603842730
murwillumbah,-28.32,153.4,77.0,69,75,5.82,AU,1603842756
howard springs,-12.5,131.05,88.0,66,20,2.24,AU,1603842757
gap,44.67,6.0,37.99,85,44,1.83,FR,1603842757
ekhabi,53.51,142.97,40.62,77,95,4.14,RU,1603842757
san jose,37.34,-121.89,78.8,11,1,18.34,US,1603842626
samarai,-10.62,150.67,82.72,80,17,9.24,PG,1603842757
tera,14.01,0.75,81.0,15,0,5.64,NE,1603842757
pita,10.83,-12.58,72.93,52,98,3.6,GN,1603842758
leon,21.12,-101.67,78.8,29,40,4.7,MX,1603842518
tuy hoa,13.08,109.3,74.7,86,100,29.93,VN,1603842758
le locle,47.06,6.75,50.0,93,90,4.7,CH,1603842758
sangin,32.07,64.84,47.3,46,0,0.96,AF,1603842758
grindavik,63.84,-22.43,39.2,55,0,26.4,IS,1603842508
quatre cocos,-20.21,57.76,70.0,80,5,1.99,MU,1603842759
san-pedro,4.75,-6.64,77.31,90,5,4.23,CI,1603842759
gravdal,68.12,13.5,37.4,93,20,3.36,NO,1603842759
tomatlan,19.93,-105.25,80.49,83,81,6.06,MX,1603842759
tahe,52.33,124.73,23.11,92,99,9.95,CN,1603842759
mirnyy,62.54,113.96,14.5,95,96,4.7,RU,1603842760
doume,4.23,13.45,69.46,89,100,1.72,CM,1603842760
la primavera,5.49,-70.41,80.22,80,84,5.37,CO,1603842760
cockburn town,21.46,-71.14,82.29,80,7,20.65,TC,1603842760
maues,-3.38,-57.72,79.09,84,100,1.79,BR,1603842760
bac lieu,9.29,105.72,79.23,86,100,13.73,VN,1603842760
xiaoweizhai,26.19,107.51,57.81,73,92,7.05,CN,1603842760
jinchang,38.5,102.17,37.99,77,95,3.94,CN,1603842761
camacupa,-12.02,17.48,65.57,84,100,6.76,AO,1603842761
aquiraz,-3.9,-38.39,80.6,78,0,8.05,BR,1603842761
muzaffarabad,34.37,73.47,58.53,34,3,4.47,PK,1603842761
rabat,33.99,-6.84,51.8,93,40,3.36,MA,1603842682
lompoc,34.64,-120.46,69.8,40,1,10.29,US,1603842762
novoseleznevo,55.68,69.21,24.49,94,100,18.28,RU,1603842762
nizwa,22.93,57.53,63.18,60,2,1.95,OM,1603842762
riviere-au-renard,49.0,-64.4,32.0,89,90,8.05,CA,1603842762
shache,38.42,77.24,36.41,72,69,1.88,CN,1603842682
takhatpur,22.15,81.87,69.87,63,49,3.15,IN,1603842762
tarakan,3.3,117.63,79.59,81,100,5.68,ID,1603842762
yerbogachen,61.28,108.01,17.17,97,81,4.83,RU,1603842763
yarada,17.65,83.27,80.51,60,99,8.12,IN,1603842763
konotop,51.24,33.2,46.44,67,0,9.8,UA,1603842763
tabas,33.6,56.92,59.0,26,0,2.24,IR,1603842763
ponta delgada,37.73,-25.67,64.4,59,75,5.82,PT,1603842763
kirensk,57.79,108.11,25.23,97,100,2.51,RU,1603842764
broome,42.25,-75.83,46.99,75,90,3.06,US,1603842764
pilar,-9.6,-35.96,77.0,83,40,6.93,BR,1603842764
klaksvik,62.23,-6.59,46.67,86,92,22.88,FO,1603842764
iqaluit,63.75,-68.51,19.4,73,90,3.36,CA,1603842764
santa cruz,-17.8,-63.17,81.32,48,2,6.8,BO,1603842606
jablah,35.36,35.93,74.89,65,72,3.42,SY,1603842765
wuxue,29.85,115.55,64.26,82,62,3.83,CN,1603842765
alofi,-19.06,-169.92,77.0,73,40,21.92,NU,1603842765
kenora,49.82,-94.43,26.6,100,90,12.75,CA,1603842765
homer,59.64,-151.55,44.01,70,1,3.36,US,1603842623
dolinsk,47.35,142.8,39.2,86,40,4.47,RU,1603842765
kushiro,42.98,144.37,46.4,81,75,5.82,JP,1603842640
cobija,-11.03,-68.77,77.0,94,75,1.83,BO,1603842766
tyukhtet,56.54,89.3,41.92,77,100,7.18,RU,1603842766
saint-pierre,-21.34,55.48,71.6,64,0,3.36,RE,1603842766
zabol,32.25,67.25,39.97,55,0,5.91,AF,1603842766
marawi,8.0,124.29,78.01,85,97,4.0,PH,1603842766
vardo,70.37,31.11,35.6,100,75,8.05,NO,1603842766
morgan city,29.7,-91.21,82.4,94,75,3.36,US,1603842767
zyryanka,65.75,150.85,10.78,92,26,5.79,RU,1603842767
torbay,47.67,-52.73,39.2,100,90,12.75,CA,1603842519
olafsvik,64.89,-23.71,39.11,71,96,17.98,IS,1603842767
kuching,1.55,110.33,75.2,94,20,2.24,MY,1603842507
tuatapere,-46.13,167.68,57.99,64,10,4.0,NZ,1603842768
solnechnyy,50.72,136.63,35.26,85,68,2.44,RU,1603842768
atar,20.52,-13.05,84.0,20,0,9.98,MR,1603842768
belgorod,50.61,36.58,39.2,80,0,8.95,RU,1603842768
kargasok,59.06,80.86,25.77,98,100,13.24,RU,1603842768
maryborough,-25.53,152.7,81.16,59,32,5.57,AU,1603842768
nedjo,9.5,35.5,55.35,88,0,0.18,ET,1603842768
dandong,40.13,124.39,44.96,55,32,4.7,CN,1603842769
sambava,-14.27,50.17,70.83,87,6,7.47,MG,1603842769
sungurlare,42.77,26.78,60.01,93,20,4.7,BG,1603842769
amapa,1.0,-52.0,83.14,61,73,7.11,BR,1603842769
tarabuco,-19.17,-64.92,56.59,67,56,6.33,BO,1603842769
oytal,42.91,73.27,39.16,63,98,3.24,KZ,1603842769
micheldorf,46.92,14.44,48.2,87,75,4.7,AT,1603842770
port-cartier,50.03,-66.87,28.0,73,20,8.05,CA,1603842770
pangai,-19.8,-174.35,74.64,77,6,25.5,TO,1603842770
bambous virieux,-20.34,57.76,70.0,80,4,1.99,MU,1603842770
mahajanga,-15.72,46.32,73.4,73,20,2.24,MG,1603842770
mitsamiouli,-11.38,43.28,77.61,76,2,6.55,KM,1603842770
russell,32.35,-85.2,73.4,94,90,6.93,US,1603842771
nantucket,41.28,-70.1,52.0,81,40,5.82,US,1603842771
great falls,47.5,-111.3,42.8,56,1,26.4,US,1603842555
kahului,20.89,-156.47,86.0,62,40,9.17,US,1603842771
sudzha,51.2,35.27,45.5,71,2,10.63,RU,1603842771
umm lajj,25.02,37.27,82.45,34,0,4.52,SA,1603842771
mehamn,71.04,27.85,36.43,82,100,5.17,NO,1603842771
maningrida,-12.07,134.27,88.79,52,67,3.06,AU,1603842772
morwell,-38.23,146.4,60.01,86,85,3.0,AU,1603842772
geraldton,-28.77,114.6,68.0,60,90,17.22,AU,1603842772
stornoway,58.21,-6.39,42.8,93,100,2.24,GB,1603842772
timmins,48.47,-81.33,30.2,86,90,11.41,CA,1603842772
rawson,-43.3,-65.1,59.56,32,83,10.18,AR,1603842587
sandwick,60.0,-1.25,48.2,81,17,12.75,GB,1603842772
verkhnyaya inta,65.98,60.31,26.02,98,100,7.52,RU,1603842773
clyde river,70.47,-68.59,12.2,66,20,6.93,CA,1603842773
barrancabermeja,7.07,-73.85,77.34,92,57,2.04,CO,1603842773
soloneshnoye,51.65,84.32,34.57,89,88,10.29,RU,1603842773
poya,-21.35,165.15,82.89,50,65,4.68,NC,1603842773
champerico,14.3,-91.92,86.0,66,40,6.93,GT,1603842774
ahipara,-35.17,173.17,69.69,61,52,3.51,NZ,1603842550
palu,-0.89,119.87,82.53,66,100,1.99,ID,1603842774
rocha,-34.48,-54.33,57.83,88,100,10.94,UY,1603842774
pemangkat,1.17,108.97,78.55,84,74,8.86,ID,1603842774
rudbar,30.15,62.6,56.46,34,0,10.31,AF,1603842774
gisborne,-38.65,178.0,54.0,92,100,1.99,NZ,1603842775
ejura,7.39,-1.36,74.61,84,92,4.09,GH,1603842775
khatanga,71.97,102.5,-5.33,90,55,10.51,RU,1603842775
nicoya,10.15,-85.45,80.6,88,75,6.93,CR,1603842775
lasa,46.62,10.7,41.0,100,13,2.8,IT,1603842775
acapulco,16.86,-99.89,84.2,83,75,4.7,MX,1603842775
talnakh,69.49,88.4,-4.52,82,0,5.48,RU,1603842776
kharan,28.58,65.42,57.31,30,0,3.74,PK,1603842776
baringo,0.47,35.97,71.19,64,44,2.89,KE,1603842776
half moon bay,37.46,-122.43,75.2,39,1,13.87,US,1603842556
hwange,-18.37,26.5,74.12,40,3,3.76,ZW,1603842776
kalulushi,-12.84,28.09,67.6,50,67,3.89,ZM,1603842776
grand baie,-20.02,57.58,70.0,79,1,1.99,MU,1603842477
adrar,20.5,-10.07,83.14,16,0,11.45,MR,1603842776
masuguru,-11.37,38.42,74.75,74,36,4.94,TZ,1603842777
palmerston,-12.49,130.98,88.0,66,20,2.24,AU,1603842777
caravelas,-17.71,-39.25,77.5,88,82,10.89,BR,1603842777
leningradskiy,69.38,178.42,18.75,89,0,17.81,RU,1603842777
barabai,-2.58,115.38,79.2,83,91,0.69,ID,1603842777
fairbanks,64.84,-147.72,28.99,86,75,4.7,US,1603842521
skibotn,69.39,20.27,35.6,80,75,6.93,NO,1603842778
zadar,44.12,15.24,53.6,100,20,3.98,HR,1603842778
sao gabriel da cachoeira,-0.13,-67.09,77.41,90,97,1.83,BR,1603842778
puerto quijarro,-17.78,-57.77,79.5,62,54,3.24,BO,1603842778
inirida,3.87,-67.92,77.38,93,98,3.56,CO,1603842778
oranjemund,-28.55,16.43,56.73,89,26,2.86,NA,1603842778
vuktyl,63.86,57.31,29.88,98,100,9.01,RU,1603842778
weston,26.1,-80.4,82.99,78,20,9.17,US,1603842779
lagoa,39.05,-27.98,62.69,61,100,7.31,PT,1603842779
bogandinskiy,56.89,65.89,19.4,92,0,8.95,RU,1603842779
kyabe,9.45,18.94,77.4,55,53,3.02,TD,1603842779
port lincoln,-34.73,135.87,62.29,62,0,7.25,AU,1603842779
manta,-0.95,-80.73,75.2,78,75,11.41,EC,1603842779
santa ines,-3.67,-45.38,78.69,73,82,6.93,BR,1603842780
windsor,42.3,-83.02,41.0,93,90,2.24,CA,1603842631
shimoda,34.67,138.95,64.4,72,40,9.17,JP,1603842511
cairns,-16.92,145.77,84.2,58,20,9.17,AU,1603842674
petropavlovsk-kamchatskiy,53.05,158.65,42.8,75,84,4.47,RU,1603842780
bahia honda,22.9,-83.16,78.76,86,93,7.56,CU,1603842780
slave lake,55.28,-114.77,37.4,86,75,11.41,CA,1603842781
red bluff,40.18,-122.24,87.8,9,1,12.75,US,1603842781
havre-saint-pierre,50.23,-63.6,30.2,86,1,5.82,CA,1603842781
severnyy,50.68,36.55,39.2,80,0,8.95,RU,1603842781
raghogarh,24.45,77.2,65.95,42,0,2.42,IN,1603842781
roma,43.21,-75.46,43.0,87,90,3.65,US,1603842618
askarovo,53.34,58.51,23.0,85,55,2.24,RU,1603842782
chichica,8.49,-82.16,80.01,94,40,5.82,PA,1603842782
kupang,-10.17,123.58,85.46,66,13,5.61,ID,1603842782
zaysan,47.47,84.87,50.14,42,92,7.34,KZ,1603842782
truro,50.27,-5.05,50.0,81,40,21.92,GB,1603842782
srednekolymsk,67.45,153.68,14.99,89,99,6.76,RU,1603842783
sangar,63.92,127.47,-1.46,92,91,3.85,RU,1603842783
fare,-16.7,-151.02,80.42,81,76,18.97,PF,1603842783
keti bandar,24.14,67.45,77.68,64,0,9.69,PK,1603842783
mecca,21.43,39.83,72.93,63,0,1.25,SA,1603842783
sakaiminato,35.55,133.23,53.6,93,75,3.36,JP,1603842783
richards bay,-28.78,32.04,73.17,78,74,16.13,ZA,1603842783
boca do acre,-8.75,-67.4,76.57,83,87,1.72,BR,1603842757
vila,42.03,-8.16,54.0,96,100,3.0,PT,1603842784
petrolia,42.87,-82.15,36.0,93,90,5.75,CA,1603842784
la rioja,42.25,-2.5,52.0,93,0,1.12,ES,1603842784
korcula,42.96,17.14,55.4,93,20,3.36,HR,1603842696
gemena,3.25,19.77,71.02,97,98,1.3,CD,1603842784
la ronge,55.1,-105.28,26.6,92,90,9.17,CA,1603842785
aykhal,66.0,111.5,-11.92,88,72,4.38,RU,1603842785
atambua,-9.11,124.89,82.09,63,54,2.13,ID,1603842785
mandalgovi,45.76,106.27,30.13,66,0,7.47,MN,1603842785
balabac,7.99,117.06,82.83,77,100,6.31,PH,1603842785
jijiga,9.35,42.8,58.21,32,99,7.7,ET,1603842785
sijunjung,-0.69,100.95,72.88,76,85,1.45,ID,1603842785
berdigestyakh,62.1,126.7,5.9,91,100,4.76,RU,1603842786
port-gentil,-0.72,8.78,78.8,88,75,6.93,GA,1603842786
campoverde,-8.48,-74.81,89.6,59,75,2.24,PE,1603842786
khani,41.96,42.96,68.0,49,0,31.09,GE,1603842786
khao wong,16.7,104.09,70.27,83,100,5.41,TH,1603842786
sept-iles,50.2,-66.38,28.0,73,20,8.05,CA,1603842786
hualmay,-11.1,-77.61,63.77,85,87,6.96,PE,1603842787
olinda,-8.01,-34.86,80.6,69,75,8.05,BR,1603842787
bonthe,7.53,-12.51,78.71,85,100,4.92,SL,1603842787
kousseri,12.08,15.03,73.4,43,58,3.36,CM,1603842787
cawayan,9.97,122.62,81.43,74,74,3.04,PH,1603842788
husavik,66.04,-17.34,37.4,59,90,3.36,IS,1603842788
kaeo,-35.1,173.78,67.84,71,83,5.06,NZ,1603842788
ayagoz,47.97,80.44,34.23,70,82,17.34,KZ,1603842788
aksu,41.12,80.26,41.4,58,48,2.42,CN,1603842788
oktyabrskoye,43.06,44.74,51.8,93,11,4.47,RU,1603842788
calabozo,8.92,-67.43,77.38,86,10,5.28,VE,1603842788
port hedland,-20.32,118.57,78.8,69,40,2.24,AU,1603842789
poronaysk,49.22,143.12,40.08,79,15,2.84,RU,1603842789
illapel,-31.63,-71.17,56.48,59,100,4.09,CL,1603842749
hambantota,6.12,81.12,78.06,82,73,6.53,LK,1603842789
ngunguru,-35.62,174.5,65.14,79,79,8.25,NZ,1603842789
fairmont,39.49,-80.14,57.0,84,91,4.47,US,1603842566
along,28.17,94.77,59.77,80,2,1.77,IN,1603842789
isugod,9.34,118.12,82.2,76,86,7.25,PH,1603842790
santa maria,-29.68,-53.81,64.4,72,0,2.24,BR,1603842790
mazyr,52.05,29.25,46.72,87,0,7.02,BY,1603842790
vila velha,-20.33,-40.29,77.0,88,75,12.75,BR,1603842790
asau,46.43,26.4,50.0,98,8,1.41,RO,1603842790
antalaha,-14.9,50.28,70.11,87,11,5.97,MG,1603842790
chotila,22.42,71.18,73.4,32,0,3.69,IN,1603842790
teahupoo,-17.83,-149.27,82.4,78,75,19.46,PF,1603842791
revda,56.8,59.93,26.6,86,20,11.18,RU,1603842791
curaca,-8.99,-39.91,80.01,63,100,9.48,BR,1603842791
poum,-20.23,164.02,77.27,73,72,11.81,NC,1603842791
pietersburg,-23.9,29.47,66.2,68,15,5.37,ZA,1603842791
mao,39.89,4.27,55.4,76,0,4.7,ES,1603842791
baft,29.23,56.61,46.81,43,0,3.13,IR,1603842792
biak,-0.91,122.88,82.2,65,100,4.05,ID,1603842792
namibe,-15.2,12.15,71.26,77,70,4.34,AO,1603842792
eldama ravine,0.05,35.73,55.42,87,54,0.45,KE,1603842792
santa isabel do rio negro,-0.41,-65.02,78.17,87,100,2.89,BR,1603842778
tirano,46.22,10.17,46.99,100,31,3.44,IT,1603842792
fasa,28.94,53.65,48.2,39,0,7.05,IR,1603842793
papara,-3.98,-38.73,80.6,78,0,8.05,BR,1603842793
upington,-28.45,21.26,77.0,13,0,8.05,ZA,1603842793
narasannapeta,18.42,84.05,72.72,68,60,4.85,IN,1603842793
pisco,-13.7,-76.22,64.4,77,0,19.46,PE,1603842793
hirara,24.8,125.28,77.0,78,40,11.41,JP,1603842793
svetlyy,54.67,20.13,48.2,93,20,6.71,RU,1603842793
sangueya,10.7,-14.37,76.33,90,100,0.83,GN,1603842794
vestmannaeyjar,63.44,-20.27,40.95,71,42,27.25,IS,1603842794
mayor pablo lagerenza,-19.93,-60.77,80.62,59,0,9.64,PY,1603842794
da nang,16.07,108.22,77.0,94,90,28.86,VN,1603842794
businga,3.33,20.88,71.44,95,97,0.07,CD,1603842794
hokitika,-42.72,170.97,58.64,68,91,7.78,NZ,1603842794
mantua,45.17,10.78,46.99,93,0,4.7,IT,1603842794
flinders,-34.58,150.86,66.99,78,84,1.01,AU,1603842795
santander,43.46,-3.8,59.0,100,75,5.82,ES,1603842795
college,64.86,-147.8,28.99,86,75,4.7,US,1603842795
